Document_title,Stop number,BOL_Number,BOL_Key,Origin_Zip,Origin_City,Origin_State,Origin_Country,Dest_Zip,Dest_City,Dest_State,Dest_Country,Weight,Pickup_Date,Delivery_Date
05-26 Abbotsford BC to Nashville TN-1378945,0,813,PO,"V2T 6H9
",ABBOTSFORD,BC,CAN,37209,NASHVILLE,TN,USA,,5/26/2023,6/1/2023
1366695 - Allstates,0,3443192,ORD,60172,ROSELLE,IL,USA,30518,BUFORD,GA,USA,8460,5/9/2023,5/11/2023
1367039 - Allstates,1,o974563,PO,07201,ELIZABETH,NJ,USA,01501,AUBURN,MA,USA,8327,5/26/2023,5/26/2023
1367039 - Allstates,2,o974563,PO,07008,CARTERET,NJ,USA,01501,AUBURN,MA,USA,10828,5/26/2023,5/26/2023
1372197 - 859100891 - Traeger,0,859100891,SN,56601,BEMIDJI,MN,USA,56470,PARK RAPIDS,MN,USA,146,5/16/2023,5/16/2023
1373175 - Allstates,0,o1041536,PO,90220,RANCHO DOMINGUEZ,CA,USA,89115,LAS VEGAS,NV,USA,16243,5/23/2023,5/23/2023
1373223-859155997,0,859155997,SN,L5W 1Y6,MISSISSAUGA,ON,CAN,G2J 1C8,QUEBEC,QC,CAN,24748,5/17/2023,5/18/2023
1373256-859119805,0,859119805,SN,T2C 4N3,CALGARY,AB,CAN,K4B 0L3,NAVAN,ON,CAN,36828,5/16/2023,5/20/2023
1374141 - MYR,0,MYR62571,REQID,77504,PASADENA,TX,USA,50158,MARSHALLTOWN,IA,USA,19000,5/17/2023,5/22/2023
1376121,0,005929,PO,53141,KENOSHA,WI,USA,61611,EAST PEORIA,IL,USA,3385,6/1/2023,6/1/2023
1376437,0,B1059015,PO,42337,DRAKESBORO,KY,USA,40342,LAWRENCEBURG,KY,USA,,5/18/2023,5/19/2023
1376538,0,54953,PRO,30294,FOREST PARK,GA,USA,48226,DETROIT,MI,USA,8002,5/19/2023,5/22/2023
1376549,0,4572549410,PO,80603,DENVER,CO,USA,86004,USA,AZ,USA,42631,5/18/2023,5/19/2023
1377211 ,1,I206157,OURREF,07002,BAYONNE,NJ,USA,32254,JACKSONVILLE,FL,USA,8719,5/19/2023,5/19/2023
1377211,2,I206157,OURREF,07002,BAYONNE,NJ,USA,32837,ORLANDO,FL,USA,4497,5/19/2023,5/19/2023
1377211,3,I206157,OURREF,07002,BAYONNE,NJ,USA,33634,TAMPA,FL,USA,27732,5/19/2023,5/19/2023
1377519-Gozney,0,SO1062899983,SO,,TACOMA,WA,USA,80916,COLORADO SPRINGS,CO,USA,,5/26/2023,5/26/2023
1377702,0,005951,PO,60673,CHICAGO,IL,USA,61611,EAST PEORIA,IL,USA,697,5/26/2023,5/26/2023
1377836,0,285348,PO,60674,CHICAGO,IL,USA,76115,FORT WORTH,TX,USA,3510,6/5/2023,6/7/2023
1377844,0,285349,PO,60674,CHICAGO,IL,USA,76115,FORT WORTH,TX,USA,12271.5,6/5/2023,6/7/2023
1377849 - 1377850 - Gozney,0,,,98424,TACOMA,WA,USA,45246,CINCINNATI,OH,USA,,,
1378636,0,RIM23009679,BOL,55014,LINO LAKES,MN,USA,60007,ELK GROVE VILLAGE,IL,USA,8624,,
1378640,0,0000969588,SHIPID,90670,SANTA FE SPRINGS,CA,USA,90003,LOS ANGELES,CA,USA,27975.52,5/23/2023,5/24/2023
1378733,0,#1490,LOAD NO:,24012,ROANOKE,VA,USA,24540,DANVILLE,VA,USA,12000,5/24/2023,5/25/2023
1378745,0,1378745,PRO,81052,LAMAR,CO,USA,40391,WINCHESTER,KY,USA,44000,5/22/2023,5/24/2023
1378751,0,1378751,PRO,81052,LAMAR,CO,USA,92223,BEAUMONT,CA,USA,44000,5/24/2023,5/25/2023
1378877,0,61994,PICKUPNUM,77040,HOUSTON,TX,USA,70435,COVINGTON,LA,USA,,5/23/2023,5/23/2023
1379064,0,S00491457,SO,60629,CHICAGO,IL,USA,49548,GRAND RAPIDS,MI,USA,1939,5/23/2023,5/23/2023
1379102 ,1,S00475385,SO,90810,LONG BEACH,CA,USA,49417,GRAND HAVEN,MI,USA,2920,5/22/2023,5/23/2023
1379102 ,2,S00480168,SO,90810,LONG BEACH,CA,USA,49417,GRAND HAVEN,MI,USA,595,5/22/2023,5/23/2023
1379102 ,3,S00482043,SO,90220,COMPTON,CA,USA,49420,HART,MI,USA,10236,5/22/2023,5/25/2023
1379102 ,4,S00482049,SO,90220,COMPTON,CA,USA,49417,GRAND HAVEN,MI,USA,712,5/22/2023,5/25/2023
1379102 ,5,S00476811,SO,90810,LONG BEACH,CA,USA,49417,GRAND HAVEN,MI,USA,4385,5/22/2023,5/25/2023
1379102 ,6,S00479522,SO,90810,LONG BEACH,CA,USA,49417,GRAND HAVEN,MI,USA,1045,5/22/2023,5/25/2023
1379133,0,8102,PICKUPNUM,81052,LAMAR,CO,USA,76858,MELVIN,TX,USA,13200,5/24/2023,5/25/2023
1379752,0,751460,TRIPID,68502,LINCOLN,NE,USA,56301,SAINT CLOUD,MN,USA,23987,5/24/2023,5/25/2023
1379910,0,285399,PO,60673,CHICAGO,IL,USA,60560,YORKVILLE,IL,USA,3456,7/5/2023,7/7/2023
1380006,0,S11268,ID,85338,GOODYEAR,AZ,USA,89434,SPARKS,NV,USA,,5/24/2023,5/26/2023
1380012,0,S11269,ID,85338,GOODYEAR,AZ,USA,89434,SPARKS,NV,USA,,5/24/2023,5/26/2023
1380056,0,PO-B1059177,SO,46221,INDIANAPOLIS,IN,USA,68847,KEARNEY,NE,USA,44000,5/24/2023,5/25/2023
1380059,0,745246,TRIPID,64129,KANSAS CITY,MO,USA,75134,LANCASTER,TX,USA,35916,5/24/2023,5/24/2023
1380276,0,462828,PO,90040,COMMERCE,CA,USA,75134,LANCASTER,TX,USA,,6/2/2023,6/3/2023
1380284,0,462829,PO,90040,COMMERCE,CA,USA,75134,LANCASTER,TX,USA,,6/3/2023,6/4/2024
1380289,0,462830,PO,90040,COMMERCE,CA,USA,75134,LANCASTER,TX,USA,,6/4/2023,6/5/2025
1380335 285422,0,285422,PO,60673,CHICAGO,IL,USA,60481,WILMINGTON,IL,USA,6157.19,5/30/2023,6/1/2023
1380335,0,285420,PO,60673,CHICAGO,IL,USA,60481,WILMINGTON,IL,USA,15634.83,5/30/2023,6/1/2023
1380366,0,S11271,ID,85338,GOODYEAR,AZ,USA,89434,SPARKS,NV,USA,,5/25/2023,5/27/2023
1380673,0,006000,PO,28166,TROUTMAN,NC,USA,61611,EAST PEORIA,IL,USA,17549,5/30/2023,5/31/2023
1381233,0,753938,TRIPID,56352,MELROSE,MN,USA,58201,GRAND FORKS,ND,USA,42180,5/25/2023,5/26/2023
1382145,0,AKE3826,DR,90744,WILMINGTON,CA,USA,86004,FLAGSTAFF,AZ,USA,38773,6/7/2023,6/8/2023
1382151,0,AKE3827,DR,90744,WILMINGTON,CA,USA,86004,FLAGSTAFF,AZ,USA,28791,6/8/2023,6/9/2023
1382553 - Allstates,0,3449198,ORD,46517,ELKHART,IN,USA,60103,BARTLETT,IL,USA,45000,5/25/2023,5/25/2023
1382753 - Vita-Mix,0,29252414,LN,37210,NASHVILLE,TN,USA,37027,BRENTWOOD,TN,USA,,5/25/2023,5/25/2023
1384393,0,755545,TRIPID,54812,BARRON,WI,USA,50213,OSCEOLA,IA,USA,12089,5/26/2023,5/26/2023
1384394,0,756770,TRIPID,55044,LAKEVILLE,MN,USA,01923,DANVERS,MA,USA,41480,5/30/2023,6/2/2023
1384462,0,136599 ,JOBNAME,20705,BELTSVILLE,MD,USA,30030,DECATUR,GA,USA,,6/1/2023,6/2/2023
1384624,0,138215 ,JOBNAME,50536,EMMETSBURG,IA,USA,21204,TOWSON,MD,USA,,5/30/2023,6/1/2023
1384666 ,1,3450077,ORD,60172,ROSELLE,IL,USA,89139,LAS VEGAS,NV,USA,95,5/26/2023,5/30/2023
1384666,2,3450079,ORD,60172,ROSELLE,IL,USA,91706,IRWINDALE,CA,USA,460,5/26/2023,5/30/2023
1384666 ,3,3450082,ORD,60172,ROSELLE,IL,USA,94551,LIVERMORE,CA,USA,425,5/26/2023,5/30/2023
1385120,0,463226,PO,90040,COMMERCE,CA,USA,75134,LANCASTER,TX,USA,,6/10/2023,6/11/2023
1385121,0,463225,PO,90040,COMMERCE,CA,USA,75134,LANCASTER,TX,USA,,6/9/2023,6/10/2023
1385122,0,463227,PO,90040,COMMERCE,CA,USA,75134,LANCASTER,TX,USA,,6/11/2023,6/12/2023
1385699 ,1,757165,TRIPID,56301,SAINT CLOUD,MN,USA,53144,KENOSHA,WI,USA,25026,5/31/2023,6/1/2023
1385699 ,2,757165,TRIPID,53144,KENOSHA,WI,USA,53158,PLEASANT PRAIRIE,WI,USA,25026,6/1/2023,6/1/2023
1385699 ,3,757165,TRIPID,53158,PLEASANT PRAIRIE,WI,USA,43162,WEST JEFFERSON,OH,USA,25026,6/1/2023,6/2/2023
1385721,0,758117,TRIPID,56201,WILLMAR,MN,USA,51501,COUNCIL BLUFFS,IA,USA,41429,5/31/2023,6/1/2023
1385722,0,758118,TRIPID,56201,WILLMAR,MN,USA,51501,COUNCIL BLUFFS,IA,USA,41429,5/31/2023,6/1/2023
1385723,0,758119,TRIPID,56201,WILLMAR,MN,USA,51501,COUNCIL BLUFFS,IA,USA,41429,5/31/2023,6/1/2023
1385782 -006046,0,006046,PO,60673,CHICAGO,IL,USA,61611,EAST PEORIA,IL,USA,2928,6/6/2023,6/6/2023
1385782,0,006047,PO,60673,CHICAGO,IL,USA,61611,EAST PEORIA,IL,USA,1598,6/6/2023,6/6/2023
1385998,0,006055,PO,55485,MINNEAPOLIS,MN,USA,61611,EAST PEORIA,IL,USA,30258,,6/20/2023
1386364,0,S00487313,ORD,60007,ELK GROVE VILLAGE,IL,USA,49417,GRAND HAVEN,MI,USA,1113,5/28/2023,5/30/2023
1386892,0,006078,PO,28166,TROUTMAN,NC,USA,61611,EAST PEORIA,IL,USA,12154,,6/6/2023
1387305,0,2,PO,91708,CHINO,CA,USA,75134,LANCASTER,TX,USA,,6/6/2023,6/8/2023
1387804,0,076354,PO,90501,TORRANCE,CA,USA,65802,SPRINGFIELD,MO,USA,40344,6/2/2023,6/5/2023
1389116,0,RIM23010110,BOL,44203,BARBERTON,OH,USA,07205,HILLSIDE,NJ,USA,42728,6/2/2023,6/2/2023
1389125,0,RIM23010112,BOL,44203,BARBERTON,OH,USA,07205,HILLSIDE,NJ,USA,42728,6/2/2023,6/2/2023
1389331,0,762283,TRIPID,56352,MELROSE,MN,USA,46706,AUBURN,IN,USA,39605,6/2/2023,6/4/2023
1390496,0,RIM23010181,BOL,34937,FORT PIERCE,FL,USA,30004,ALPHARETTA,GA,USA,7000,6/2/2023,6/2/2023
1390656,0,RIM23010165,BOL,10954,NANUET,NY,USA,10012,NEW YORK CITY,NY,USA,680,6/3/2023,6/3/2023
1390663,0,RIM23010164,BOL,10954,NANUET,NY,USA,10012,NEW YORK CITY,NY,USA,680,6/3/2023,6/3/2023
1391783,0,006130,PO,28166,TROUTMAN,NC,USA,61611,EAST PEORIA,IL,USA,17931,,6/13/2023
1392102,0,764649,TRIPID,51111,SIOUX CITY,IA,USA,55120,MENDOTA HEIGHTS,MN,USA,41400,6/2/2023,6/2/2023
1392618,0,1200476563,SD,45232,CINCINNATI,OH,USA,45217,ST BERNARD,OH,USA,41808,6/9/2023,6/9/2023
1392619,0,1200476564,SD,45232,CINCINNATI,OH,USA,45217,ST BERNARD,OH,USA,41808,6/14/2023,6/14/2023
1392631,0,006144,PO,75320,DALLAS,TX,USA,61611,EAST PEORIA,IL,USA,1925,,6/15/2023
1393031,0,LP0049,DR,77571,LA PORTE,TX,USA,84401,OGDEN,UT,USA,4187,6/14/2023,6/14/2023
1393330,0,1200475992,BOL,45217,CINCINNATI,OH,USA,30184,WHITE,GA,USA,40200,6/23/2023,6/26/2023
1393552,0,60949,Load,,,,,,,,,,,
1393633 BOL ,1,366946,LOADNUM,66048,LEAVENWORTH,KS,USA,68117,OMAHA,NE,USA,11310,6/5/2023,6/5/2023
1393633 BOL ,2,366946,LOADNUM,68117,OMAHA,NE,USA,77586,SEABROOK,TX,USA,11310,6/5/2023,6/5/2023
1393778,0,AKE3832,DR,90744,WILMINGTON,CA,USA,90058,VERNON,CA,USA,42950,6/8/2023,6/8/2023
1393782,0,AKE3833,DR,90744,WILMINGTON,CA,USA,90058,VERNON,CA,USA,42432,6/9/2023,6/9/2023
1394303-006170,0,006170,PO,60673,CHICAGO,IL,USA,61611,EAST PEORIA,IL,USA,1415,,6/14/2023
1394303-006171,0,006171,PO,60673,CHICAGO,IL,USA,61611,EAST PEORIA,IL,USA,1584,,6/14/2023
1394585,0,RIM23010335,BOL,N9C 3G3,WINSOR,ON,CAN,60440,BOLINGBROOK,IL,USA,200,6/7/2023,6/7/2023
1394830 bol,0,136822 ,JOBNUM,V2T 6H9,ABBOTSFORD,BC,CAN,94102,SAN FRANCISCO,CA,USA,,6/9/2023,6/12/2023
1394956,0,260052,PO,,BATAVIA,OH,USA,,ATLANTA,GA,USA,24967,6/22/2023,6/23/2023
1394983,0,285765,PO,55485,MINNEAPOLIS,MN,USA,46064,PENDLETON,IN,USA,35232,6/26/2023,6/28/2023
1396689 BOl,0,813,PO,38829,GUNTOWN,MS,USA,80602,THORTON,CO,USA,,6/9/2023,6/12/2023
1400097,0,POC22101492-3,PO,90733,WILMINGTON,CA,USA,88401,OGDEN,UT,USA,41433,6/15/2023,6/15/2023
1400105,0,POC22101392-3,PO,90733,WILMINGTON,CA,USA,88401,OGDEN,UT,USA,41433,6/15/2023,6/15/2023
1401627,0,006251,PO,28166,TROUTMAN,NC,USA,61611,EAST PEORIA,IL,USA,13789,6/20/2023,6/20/2023
1405401,0,POC22101492-4,PO,90744,WILMINGTON,CA,USA,84401,OGDEN,UT,USA,42597,6/21/2023,6/21/2023
1405492,0,73,PO,89113,LAS VEGAS,NV,USA,84020,DRAPER,UT,USA,,6/22/2023,6/23/2023
1406835,0,464950,PO,90040,COMMERCE,CA,USA,75134,LANCASTER,TX,USA,,6/30/2023,7/1/2023
1406836,0,464951,PO,90040,COMMERCE,CA,USA,75134,LANCASTER,TX,USA,,7/1/2023,7/2/2023
1406839,0,464952,PO,90040,COMMERCE,CA,USA,75134,LANCASTER,TX,USA,,7/2/2023,7/3/2023
25735776bol,0,1741794,SO,07201,ELIZABETH,NJ,USA,17601,LANCASTER,PA,USA,1170,6/7/2023,6/9/2023
25741051bol,0,1742134,SO,07201,ELIZABETH,NJ,USA,19406,KING OF PRUSSIA,PA,USA,6480,6/7/2023,6/9/2023
Allstates Patterson Project -1380836 ,0,68750,EWR,07503,PATERSON,NJ,USA,89109,LAS VEGAS,NV,USA,1000,5/28/2023,6/1/2023
Allstates Patterson Project -1380844,0,68753,EWR,07503,PATERSON,NJ,USA,91423,SHERMAN OAKS,CA,USA,1000,5/28/2023,6/1/2023
Allstates Patterson Project -1380840,0,68757,EWR,07503,PATERSON,NJ,USA,77056,HOUSTON,TX,USA,500,5/28/2023,6/1/2023
Allstates Patterson Project -1383082 ,0,68758,EWR,07503,PATERSON,NJ,USA,33607,TAMPA,FL,USA,1000,5/30/2023,6/1/2023
Allstates Patterson Project -1383083,0,68760,EWR,07503,PATERSON,NJ,USA,30326,ATLANTA,GA,USA,500,5/28/2023,6/1/2023
american trim 1406086,0,60973,LOADNUM,,BATAVIA,OH,USA,,ATLANTA,GA,USA,24967.92,6/22/2023,6/23/2023
asd,0,1383068,PRO,,,,,,,,,,6/12/2023,6/13/2023
BaseTender-2152813,0,2152813,REF,97913,NYSSA,OR,USA,84103,SALT LAKE CITY,UT,USA,41200,6/5/2023,6/6/2023
BaseTender-2158635,0,2158635,REF,83301,TWIN FALLS,ID,USA,93635,LOS BANOS,CA,USA,43197,6/11/2023,6/12/2023
BaseTender-2158636,0,2158636,REF,83301,TWIN FALLS,ID,USA,93635,LOS BANOS,CA,USA,43197,6/12/2023,6/13/2023
BaseTender-2158637,0,2158637,REF,83301,TWIN FALLS,ID,USA,93635,LOS BANOS,CA,USA,43197,6/13/2023,6/14/2023
BaseTender-2158638,0,2158638,REF,83301,TWIN FALLS,ID,USA,93635,LOS BANOS,CA,USA,43197,6/14/2023,6/15/2023
BaseTender-2158639,0,2158639,REF,83301,TWIN FALLS,ID,USA,93635,LOS BANOS,CA,USA,43197,6/15/2023,6/16/2023
BaseTender-2158640,0,2158640,REF,83301,TWIN FALLS,ID,USA,93635,LOS BANOS,CA,USA,43197,6/15/2023,6/16/2023
BaseTender-2158641,0,2158641,REF,83301,TWIN FALLS,ID,USA,93635,LOS BANOS,CA,USA,43197,6/18/2023,6/19/2023
BaseTender-2158642,0,2158642,REF,83301,TWIN FALLS,ID,USA,93635,LOS BANOS,CA,USA,43197,6/18/2023,6/19/2023
BaseTender-2158643,0,2158643,REF,83301,TWIN FALLS,ID,USA,93635,LOS BANOS,CA,USA,43197,6/19/2023,6/20/2023
BaseTender-2158644,0,2158644,REF,83301,TWIN FALLS,ID,USA,93635,LOS BANOS,CA,USA,43197,6/19/2023,6/20/2023
BaseTender-2158645,0,2158645,REF,83301,TWIN FALLS,ID,USA,93635,LOS BANOS,CA,USA,43197,6/20/2023,6/21/2023
BaseTender-2158646,0,2158646,REF,92227,BRAWLEY,CA,USA,91746,CITY OF INDUSTRY,CA,USA,43775,6/12/2023,6/12/2023
BaseTender-2158647,0,2158647,REF,92227,BRAWLEY,CA,USA,91746,CITY OF INDUSTRY,CA,USA,43775,6/13/2023,6/13/2023
BaseTender-2158648,0,2158648,REF,92227,BRAWLEY,CA,USA,91746,CITY OF INDUSTRY,CA,USA,43775,6/14/2023,6/14/2023
BaseTender-2158649,0,2158649,REF,92227,BRAWLEY,CA,USA,91746,CITY OF INDUSTRY,CA,USA,43775,6/15/2023,6/15/2023
BaseTender-2158668,0,2158668,REF,92227,BRAWLEY,CA,USA,91746,CITY OF INDUSTRY,CA,USA,43775,6/16/2023,6/16/2023
BaseTender-2158670,0,2158670,REF,92227,BRAWLEY,CA,USA,91746,CITY OF INDUSTRY,CA,USA,43775,6/19/2023,6/19/2023
BaseTender-2158672,0,2158672,REF,92227,BRAWLEY,CA,USA,91746,CITY OF INDUSTRY,CA,USA,43775,6/20/2023,6/20/2023
BaseTender-2158673,0,2158673,REF,92227,BRAWLEY,CA,USA,91746,CITY OF INDUSTRY,CA,USA,43775,6/21/2023,6/21/2023
BaseTender-2158675,0,2158675,REF,92227,BRAWLEY,CA,USA,91746,CITY OF INDUSTRY,CA,USA,43775,6/22/2023,6/22/2023
BaseTender-2158677,0,2158677,REF,92227,BRAWLEY,CA,USA,91746,CITY OF INDUSTRY,CA,USA,43775,6/23/2023,6/23/2023
BaseTender-2158680,0,2158680,REF,92227,BRAWLEY,CA,USA,91746,CITY OF INDUSTRY,CA,USA,43775,6/26/2023,6/26/2023
BaseTender-2159036,0,2159036,REF,83687,NAMPA,ID,USA,93725,FRESNO,CA,USA,43775,6/7/2023,6/9/2023
BaseTender-2159248,0,2159248,REF,83687,NAMPA,ID,USA,90631,LA HABRA,CA,USA,43775,6/13/2023,6/15/2023
BaseTender-2159524,0,2159524,REF,83687,NAMPA,ID,USA,84016,CLEARFIELD,UT,USA,43775,6/15/2023,6/16/2023
BaseTender-2159526,0,2159526,REF,83687,NAMPA,ID,USA,84016,CLEARFIELD,UT,USA,43775,6/21/2023,6/22/2023
BaseTender-2159533,0,2159533,REF,83687,NAMPA,ID,USA,84016,CLEARFIELD,UT,USA,43775,6/18/2023,6/19/2023
BaseTender-2159644,0,2159644,REF,83687,NAMPA,ID,USA,95304,TRACY,CA,USA,41530,6/11/2023,6/12/2023
BaseTender-2159920,0,2159920,REF,83687,NAMPA,ID,USA,86353,TOLLESON,AZ,USA,42785.97,8/28/2023,8/30/2023
BaseTender-2159966,0,2159966,REF,97913,NYSSA,OR,USA,98031,KENT,WA,USA,42882.97,6/14/2023,6/15/2023
BaseTender-2159967,0,2159967,REF,97913,NYSSA,OR,USA,98031,KENT,WA,USA,42882.97,6/20/2023,6/21/2023
BaseTender-2159968,0,2159968,REF,97913,NYSSA,OR,USA,98031,KENT,WA,USA,42882.97,6/27/2023,6/28/2023
BaseTender-2159969,0,2159969,REF,97913,NYSSA,OR,USA,98031,KENT,WA,USA,42882.97,6/28/2023,6/29/2023
BaseTender-2159974,0,2159974,REF,83687,NAMPA,ID,USA,94587,SAN FRANCISCO,CA,USA,43775,9/28/2023,9/29/2023
BaseTender-2159976,0,2159976,REF,83687,NAMPA,ID,USA,94587,SAN FRANCISCO,CA,USA,43775,8/3/2023,8/4/2023
BaseTender-2159978,0,2159978,REF,83687,NAMPA,ID,USA,94587,SAN FRANCISCO,CA,USA,43775,9/7/2023,9/8/2023
BaseTender-2159978,0,2159979,REF,83687,NAMPA,ID,USA,94587,SAN FRANCISCO,CA,USA,43775,7/13/2023,7/14/2023
BaseTender-2159980,0,2159980,REF,83687,NAMPA,ID,USA,94587,SAN FRANCISCO,CA,USA,43775,8/24/2023,8/25/2023
BaseTender-2160224,0,2160224,REF,83687,NAMPA,ID,USA,95742,RANCHO CORDOVA,CA,USA,43775,7/2/2023,7/3/2023
BaseTender-2160225,0,2160225,REF,83687,NAMPA,ID,USA,95742,RANCHO CORDOVA,CA,USA,43775,7/9/2023,7/10/2023
BaseTender-2160232,0,2160232,REF,83687,NAMPA,ID,USA,92408,SAN BERNADINO,CA,USA,43764,6/18/2023,6/20/2023
BaseTender-2160233,0,2160233,REF,80601,BRIGHTON,CO,USA,79118,AMARILLO,TX,USA,42082,6/13/2023,6/14/2023
BaseTender-2160340,0,2160340,REF,83687,NAMPA,ID,USA,92718,IRVINE,CA,USA,43452,6/19/2023,6/21/2023
BaseTender-2160374,0,2160374,REF,83687,NAMPA,ID,USA,85353,TOLLESON,AZ,USA,42785.97,8/28/2023,8/30/2023
BaseTender-2160375,0,2160375,REF,83687,NAMPA,ID,USA,85353,TOLLESON,AZ,USA,42785.97,8/28/2023,8/30/2023
BaseTender-2160376,0,2160376,REF,83687,NAMPA,ID,USA,85353,TOLLESON,AZ,USA,42785.97,8/29/2023,8/31/2023
BaseTender-2160377,0,2160377,REF,83687,NAMPA,ID,USA,85353,TOLLESON,AZ,USA,42785.97,8/29/2023,8/31/2023
BaseTender-2160378,0,2160378,REF,83687,NAMPA,ID,USA,85353,TOLLESON,AZ,USA,42785.97,8/29/2023,8/31/2023
BaseTender-2160379,0,2160379,REF,83687,NAMPA,ID,USA,85353,TOLLESON,AZ,USA,42785.97,8/27/2023,8/29/2023
BaseTender-2160380,0,2160380,REF,83687,NAMPA,ID,USA,85353,TOLLESON,AZ,USA,42785.97,8/27/2023,8/29/2023
BaseTender-2160381,0,2160381,REF,83687,NAMPA,ID,USA,85353,TOLLESON,AZ,USA,42785.97,8/27/2023,8/29/2023
BaseTender-2160382,0,2160382,REF,83687,NAMPA,ID,USA,85353,TOLLESON,AZ,USA,42785.97,8/26/2023,8/28/2023
BaseTender-2160383,0,2160383,REF,83687,NAMPA,ID,USA,85353,TOLLESON,AZ,USA,42785.97,8/26/2023,8/28/2023
BaseTender-2160384,0,2160384,REF,83687,NAMPA,ID,USA,85353,TOLLESON,AZ,USA,41501.99,8/26/2023,8/28/2023
BaseTender-2160759,0,2160759,REF,97913,NYSSA,OR,USA,84104,SALT LAKE CITY,UT,USA,43775,6/15/2023,6/16/2023
BaseTender-2160765,0,2160765,REF,83687,NAMPA,ID,USA,93221,EXETER,CA,USA,43775,6/12/2023,6/14/2023
BaseTender-2160794,0,2160794,REF,83687,NAMPA,ID,USA,84104,SALT LAKE CITY,UT,USA,43775,6/25/2023,6/26/2023
BaseTender-2160795,0,2160795,REF,83687,NAMPA,ID,USA,84104,SALT LAKE CITY,UT,USA,43775,7/11/2023,7/12/2023
BaseTender-2160821,0,2160821,REF,75051,GRAND PRAIRIE,TX,USA,75050,GRAND PRAIRIE,TX,USA,44532,6/13/2023,6/13/2023
BaseTender-2160822,0,2160822,REF,75051,GRAND PRAIRIE,TX,USA,75050,GRAND PRAIRIE,TX,USA,44532,6/13/2023,6/13/2023
BaseTender-2160823,0,2160823,REF,75051,GRAND PRAIRIE,TX,USA,75050,GRAND PRAIRIE,TX,USA,44532,6/13/2023,6/13/2023
BaseTender-2160824,0,2160824,REF,75051,GRAND PRAIRIE,TX,USA,75050,GRAND PRAIRIE,TX,USA,44532,6/13/2023,6/13/2023
BaseTender-2160830,0,2160830,REF,75051,GRAND PRAIRIE,TX,USA,75050,GRAND PRAIRIE,TX,USA,44532,6/14/2023,6/14/2023
BaseTender-2160831,0,2160831,REF,75051,GRAND PRAIRIE,TX,USA,75050,GRAND PRAIRIE,TX,USA,44532,6/14/2023,6/14/2023
BaseTender-2160837,0,2160837,REF,75051,GRAND PRAIRIE,TX,USA,75050,GRAND PRAIRIE,TX,USA,44532,6/15/2023,6/15/2023
BaseTender-2160838,0,2160838,REF,75051,GRAND PRAIRIE,TX,USA,75050,GRAND PRAIRIE,TX,USA,44532,6/15/2023,6/15/2023
BaseTender-2160859,0,2160859,REF,83687,NAMPA,ID,USA,90631,LA HABRA,TX,USA,43775,6/20/2023,6/22/2023
BaseTender-2160872,0,2160872,REF,80601,BRIGHTON,CO,USA,79118,AMARILLO,TX,USA,42014.5,6/15/2023,6/16/2023
BaseTender-2160928,0,2160928,REF,83687,NAMPA,ID,USA,94587,ST UNION CITY,CA,USA,43775,6/20/2023,6/23/2023
BaseTender-2160931,0,2160931,REF,83687,NAMPA,ID,USA,94587,ST UNION CITY,CA,USA,43775,7/9/2023,7/10/2023
BaseTender-2160969,0,2160969,REF,92227,BRAWLEY,CA,USA,91746,CITY OF INDUSTRY,CA,USA,43775,6/19/2023,6/19/2023
BaseTender-2160970,0,2160970,REF,92227,BRAWLEY,CA,USA,91746,CITY OF INDUSTRY,CA,USA,43775,6/20/2023,6/20/2023
BaseTender-2160971,0,2160971,REF,92227,BRAWLEY,CA,USA,91746,CITY OF INDUSTRY,CA,USA,43775,6/21/2023,6/21/2023
BaseTender-2160972,0,2160972,REF,92227,BRAWLEY,CA,USA,91746,CITY OF INDUSTRY,CA,USA,43775,6/22/2023,6/22/2023
BaseTender-2160973,0,2160973,REF,92227,BRAWLEY,CA,USA,91746,CITY OF INDUSTRY,CA,USA,43775,6/23/2023,6/23/2023
BaseTender-2160974,0,2160974,REF,92227,BRAWLEY,CA,USA,91746,CITY OF INDUSTRY,CA,USA,43775,6/26/2023,6/26/2023
BaseTender-2160975,0,2160975,REF,92227,BRAWLEY,CA,USA,91746,CITY OF INDUSTRY,CA,USA,43775,6/27/2023,6/27/2023
BaseTender-2160976,0,2160976,REF,92227,BRAWLEY,CA,USA,91746,CITY OF INDUSTRY,CA,USA,43775,6/28/2023,6/28/2023
BaseTender-2160978,0,2160978,REF,92227,BRAWLEY,CA,USA,91746,CITY OF INDUSTRY,CA,USA,43775,6/30/2023,6/30/2023
BaseTender-2161046,0,2161046,REF,83687,NAMPA,ID,USA,95742,RANCHO CORDOVA,CA,USA,43775,6/27/2023,6/28/2023
BaseTender-2161047,0,2161047,REF,83687,NAMPA,ID,USA,95742,RANCHO CORDOVA,CA,USA,43775,7/11/2023,7/12/2023
BaseTender-2161048,0,2161048,REF,83687,NAMPA,ID,USA,95742,RANCHO CORDOVA,CA,USA,43775,7/4/2023,7/5/2023
BaseTender-2161049,0,2161049,REF,83687,NAMPA,ID,USA,95742,RANCHO CORDOVA,CA,USA,43775,7/18/2023,7/19/2023
BaseTender-2161050,0,2161050,REF,83687,NAMPA,ID,USA,95742,RANCHO CORDOVA,CA,USA,43775,8/22/2023,8/23/2023
BaseTender-2161051,0,2161051,REF,83687,NAMPA,ID,USA,95742,RANCHO CORDOVA,CA,USA,43775,8/8/2023,8/9/2023
BaseTender-2161052,0,2161052,REF,83687,NAMPA,ID,USA,95742,RANCHO CORDOVA,CA,USA,43775,8/1/2023,8/2/2023
BaseTender-2161053,0,2161053,REF,83687,NAMPA,ID,USA,95742,RANCHO CORDOVA,CA,USA,43775,7/25/2023,7/26/2023
BaseTender-2161054,0,2161054,REF,83687,NAMPA,ID,USA,95742,RANCHO CORDOVA,CA,USA,43775,8/15/2023,8/16/2023
BaseTender-2161055,0,2161055,REF,83687,NAMPA,ID,USA,95742,RANCHO CORDOVA,CA,USA,43775,8/29/2023,8/30/2023
BaseTender-2161056,0,2161056,REF,83687,NAMPA,ID,USA,95742,RANCHO CORDOVA,CA,USA,43775,9/5/2023,9/6/2023
BaseTender-2161057,0,2161057,REF,83687,NAMPA,ID,USA,95742,RANCHO CORDOVA,CA,USA,43775,9/12/2023,9/13/2023
BaseTender-2161058,0,2161058,REF,83687,NAMPA,ID,USA,95742,RANCHO CORDOVA,CA,USA,43775,6/14/2023,6/15/2023
BaseTender-2161062,0,2161062,REF,83687,NAMPA,ID,USA,92718,IRVINE,CA,USA,43176,6/21/2023,6/23/2023
BaseTender-2161074,0,2161074,REF,97913,NYSSA,OR,USA,84041,ST LAYTON,UT,USA,42161.5,6/20/2023,6/20/2023
BaseTender-2161198,0,2161198,REF,83687,NAMPA,ID,USA,84016,CLEARFIELD,UT,USA,43775,6/22/2023,6/23/2023
BaseTender-2161199,0,2161199,REF,83687,NAMPA,ID,USA,84016,CLEARFIELD,UT,USA,43775,6/26/2023,6/27/2023
BaseTender-2161200,0,2161200,REF,83687,NAMPA,ID,USA,84016,CLEARFIELD,UT,USA,43775,6/28/2023,6/29/2023
BaseTender-2161350,0,2161350,REF,83687,NAMPA,ID,USA,95304,TRACY,CA,USA,42900,6/18/2023,6/19/2023
BaseTender-2161398,0,2161398,REF,83301,TWIN FALLS,ID,USA,84655,GENOLA,UT,USA,43197,7/24/2023,7/25/2023
BaseTender-2161400,0,2161400,REF,83301,TWIN FALLS,ID,USA,84655,GENOLA,UT,USA,43197,7/27/2023,7/28/2023
BaseTender-2161402,0,2161402,REF,83301,TWIN FALLS,ID,USA,84655,GENOLA,UT,USA,43197,7/31/2023,8/1/2023
BaseTender-2161404,0,2161404,REF,83301,TWIN FALLS,ID,USA,84655,GENOLA,UT,USA,43197,8/3/2023,8/4/2023
BaseTender-2161465,0,2161465,REF,83687,NAMPA,ID,USA,92408,SAN BERNADINO,CA,USA,42900,6/24/2023,6/26/2203
BaseTender-2161505,0,2161505,REF,80601,BRIGHTON,CO,USA,79118,AMARILLO,TX,USA,41835,6/19/2023,6/20/2023
BaseTender-2161533,0,2161533,REF,83687,NAMPA,ID,USA,95742,RANCHO CORDOVA,CA,USA,43775,6/25/2023,6/26/2023
BaseTender-2161680,0,2161680,REF,83687,NAMPA,ID,USA,98108,SEATTLE,WA,USA,43775,6/22/2023,6/23/2023
BaseTender-2161682,0,2161682,REF,83687,NAMPA,ID,USA,99224,SPOKANE,WA,USA,43775,6/20/2023,6/21/2023
BaseTender-2161754,0,2161754,REF,83687,NAMPA,ID,USA,95304,TRACY,CA,USA,43452,6/22/2023,6/23/2023
BaseTender-2161797,0,2161797,REF,83687,NAMPA,ID,USA,98001,AUBURN,WA,USA,42670,6/28/2023,6/29/2023
BaseTender-2161798,0,2161798,REF,83687,NAMPA,ID,USA,98001,AUBURN,WA,USA,42000,6/26/2023,6/27/2023
BaseTender-2162171,0,2162171,REF,83687,NAMPA,ID,USA,98001,AUBURN,WA,USA,42670,6/27/2023,6/28/2023
BaseTender-2162278,0,2162278,REF,83687,NAMPA,ID,USA,95742,RANCHO CORDOVA,CA,USA,43775,6/20/2023,6/21/2023
BaseTender-2162363,0,2162363,REF,83301,TWIN FALLS,ID,USA,98134,SEATTLE,WA,USA,43775,7/6/2023,7/7/2023
BaseTender-2162364,0,2162364,REF,83687,NAMPA,ID,USA,98134,SEATTLE,WA,USA,43775,7/4/2023,7/5/2023
BaseTender-2162365,0,2162365,REF,83687,NAMPA,ID,USA,98134,SEATTLE,WA,USA,43775,7/11/2023,7/12/2023
BaseTender-2162366,0,2162366,REF,83687,NAMPA,ID,USA,98134,SEATTLE,WA,USA,43775,7/18/2023,7/19/2023
BaseTender-2162367,0,2162367,REF,83687,NAMPA,ID,USA,98134,SEATTLE,WA,USA,43775,7/25/2023,7/26/2023
BaseTender-2162368,0,2162368,REF,83687,NAMPA,ID,USA,98134,SEATTLE,WA,USA,43775,8/3/2023,8/4/2023
BaseTender-2162369,0,2162369,REF,83687,NAMPA,ID,USA,98134,SEATTLE,WA,USA,43775,8/1/2023,8/2/2023
BaseTender-2162370,0,2162370,REF,83687,NAMPA,ID,USA,98134,SEATTLE,WA,USA,43775,9/5/2023,9/6/2023
BaseTender-2162371,0,2162371,REF,83687,NAMPA,ID,USA,98134,SEATTLE,WA,USA,43775,8/8/2023,8/9/2023
BaseTender-2162372,0,2162372,REF,83687,NAMPA,ID,USA,98134,SEATTLE,WA,USA,43775,8/22/2023,8/23/2023
BaseTender-2162373,0,2162373,REF,83687,NAMPA,ID,USA,98134,SEATTLE,WA,USA,43775,9/12/2023,9/13/2023
BaseTender-2162374,0,2162374,REF,83687,NAMPA,ID,USA,98134,SEATTLE,WA,USA,43775,8/24/2023,8/25/2023
BaseTender-2162375,0,2162375,REF,83687,NAMPA,ID,USA,98134,SEATTLE,WA,USA,43775,8/29/2023,8/30/2023
BaseTender-2162376,0,2162376,REF,83687,NAMPA,ID,USA,98134,SEATTLE,WA,USA,43775,9/19/2023,9/20/2023
BaseTender-2162377 (2),0,2162377,REF,97913,NYSSA,OR,USA,98134,SEATTLE,WA,USA,43775,8/10/2023,8/11/2023
BaseTender-2162378,0,2162378,REF,83687,NAMPA,ID,USA,98134,SEATTLE,WA,USA,43775,8/15/2023,8/16/2023
BaseTender-2162379,0,2162379,REF,83687,NAMPA,ID,USA,98134,SEATTLE,WA,USA,43775,9/7/2023,9/8/2023
BaseTender-2162380 (1),0,2162380,REF,83687,NAMPA,ID,USA,98134,SEATTLE,WA,USA,43775,9/26/2023,9/27/2023
BaseTender-2162435,0,2162435,REF,75051,GRAND PRAIRIE,TX,USA,75050,GRAND PRAIRIE,TX,USA,44532,6/19/2023,6/19/2023
BaseTender-2162441,0,2162441,REF,75051,GRAND PRAIRIE,TX,USA,75050,GRAND PRAIRIE,TX,USA,44532,6/20/2023,6/20/2023
BaseTender-2162449,0,2162449,REF,75051,GRAND PRAIRIE,TX,USA,75050,GRAND PRAIRIE,TX,USA,44532,6/21/2023,6/21/2023
BaseTender-2162450,0,2162450,REF,75051,GRAND PRAIRIE,TX,USA,75050,GRAND PRAIRIE,TX,USA,44532,6/21/2023,6/21/2023
BaseTender-2162456,0,2162456,REF,75051,GRAND PRAIRIE,TX,USA,75050,GRAND PRAIRIE,TX,USA,44532,6/22/2023,6/22/2023
BaseTender-2162457,0,2162457,REF,75051,GRAND PRAIRIE,TX,USA,75050,GRAND PRAIRIE,TX,USA,44532,6/22/2023,6/22/2023
BaseTender-2162478,0,2162478,REF,83687,NAMPA,ID,USA,93221,EXETER,CA,USA,43775,6/20/2023,6/22/2023
BaseTender-2162490,0,2162490,REF,83687,NAMPA,ID,USA,90631,LA HABRA,CA,USA,43775,7/4/2023,7/6/2023
BaseTender-2162498,0,2162498,REF,83687,NAMPA,ID,USA,97124,HILLSBORO,OR,USA,43775,6/22/2023,6/23/2023
BaseTender-2162548,0,2162548,REF,83687,NAMPA,ID,USA,92408,SAN BERNADINO,CA,USA,41530,6/27/2023,6/29/2023
BaseTender-2162629,0,2162629,REF,83687,NAMPA,ID,USA,89030,NORTH LAS VEGAS,NV,USA,43775,6/28/2023,6/29/2023
BaseTender-2162645,0,2162645,REF,97913,NYSSA,OR,USA,98031,KENT,WA,USA,42882.97,7/5/2023,7/6/2023
BaseTender-2162646,0,2162646,REF,97913,NYSSA,OR,USA,98031,KENT,WA,USA,42882.97,7/6/2023,7/7/2023
BaseTender-2162677,0,2162677,REF,92227,BRAWLEY,CA,USA,92121,SAN DIEGO,CA,USA,43197,6/19/2023,6/19/2023
BaseTender-2162721,0,2162721,REF,83687,NAMPA,ID,USA,92718,IRVINE,CA,USA,42624,6/28/2023,6/30/2023
BaseTender-2162748,0,2162748,REF,83687,NAMPA,ID,USA,85282,TEMPE,AZ,USA,43775,7/8/2023,7/10/2023
BaseTender-2162749,0,2162749,REF,83687,NAMPA,ID,USA,85282,TEMPE,AZ,USA,43775,7/22/2023,7/24/2023
BaseTender-2162750,0,2162750,REF,83687,NAMPA,ID,USA,85282,TEMPE,AZ,USA,43775,9/3/2023,9/5/2023
BaseTender-2162752,0,2162752,REF,83687,NAMPA,ID,USA,85282,TEMPE,AZ,USA,43775,7/29/2023,7/31/2023
BaseTender-2162753,0,2162753,REF,97913,NYSSA,OR,USA,85282,TEMPE,AZ,USA,43775,8/25/2023,8/28/2023
BaseTender-2162754,0,2162754,REF,83687,NAMPA,ID,USA,85282,TEMPE,AZ,USA,43775,8/19/2023,8/21/2023
BaseTender-2162755,0,2162755,REF,83687,NAMPA,ID,USA,85282,TEMPE,AZ,USA,43775,9/9/2023,9/11/2023
BaseTender-2162756,0,2162755,REF,83687,NAMPA,ID,USA,85282,TEMPE,AZ,USA,43775,8/5/2023,8/7/2023
BaseTender-2162757,0,2162757,REF,83687,NAMPA,ID,USA,85282,TEMPE,AZ,USA,43775,8/12/2023,8/14/2023
BaseTender-2162758,0,2162758,REF,83687,NAMPA,ID,USA,85282,TEMPE,AZ,USA,43775,9/23/2023,9/25/2023
BaseTender-2162759,0,2162759,REF,83687,NAMPA,ID,USA,85282,TEMPE,AZ,USA,43775,9/16/2023,9/18/2023
BaseTender-2162787,0,2162787,REF,2157157,BRIGHTON,CO,USA,79118,AMARILLO,TX,USA,42670,6/22/2023,6/23/2023
BaseTender-2162788,0,2162788,REF,80601,BRIGHTON,CO,USA,79118,AMARILLO,TX,USA,41820.5,6/22/2023,6/23/2023
BaseTender-2162794,0,2162794,REF,97913,NYSSA,OR,USA,84041,ST LAYTON,UT,USA,43957.99,6/27/2023,6/27/2023
BaseTender-2162795,0,2162795,REF,97913,NYSSA,OR,USA,84041,ST LAYTON,UT,USA,42384.49,6/23/2023,6/23/2023
BaseTender-2163025,0,2163025,REF,83687,NAMPA,ID,USA,92408,SAN BERNADINO,CA,USA,43176,7/1/2023,7/3/2023
BaseTender-2163051,0,2163051,REF,83687,NAMPA,ID,USA,93221,EXETER,CA,USA,43775,6/26/2023,6/28/2023
BaseTender-2163353,0,2163353,REF,80601,BRIGHTON,CO,USA,79118,AMARILLO,TX,USA,42670,6/26/2023,6/27/2023
BaseTender-2163426,0,2163426,REF,83687,NAMPA,ID,USA,99224,SPOKANE,WA,USA,43775,6/27/2023,6/28/2023
BaseTender-2163505,0,2163505,REF,83687,NAMPA,ID,USA,84104,SALT LAKE CITY,UT,USA,43775,7/9/2023,7/10/2023
BaseTender-2163506,0,2163506,REF,83687,NAMPA,ID,USA,84104,SALT LAKE CITY,UT,USA,43775,7/23/2023,7/24/2023
BaseTender-2163513,0,2163513,REF,92227,BRAWLEY,CA,USA,91746,CITY OF INDUSTRY,CA,USA,43775,7/3/2023,7/3/2023
BaseTender-2163514,0,2163514,REF,92227,BRAWLEY,CA,USA,91746,CITY OF INDUSTRY,CA,USA,43775,7/5/2023,7/5/2023
BaseTender-2163515,0,2163515,REF,92227,BRAWLEY,CA,USA,91746,CITY OF INDUSTRY,CA,USA,43775,7/6/2023,7/6/2023
BaseTender-2163516,0,2163516,REF,92227,BRAWLEY,CA,USA,91746,CITY OF INDUSTRY,CA,USA,43775,7/7/2023,7/7/2023
BaseTender-2163527,0,2163527,REF,83687,NAMPA,ID,USA,93635,LOS BANOS,CA,USA,43775,6/29/2023,6/30/2023
BaseTender-2163529,0,2163529,REF,83687,NAMPA,ID,USA,93635,LOS BANOS,CA,USA,43775,7/5/2023,7/6/2023
BaseTender-2163530,0,2163530,REF,83687,NAMPA,ID,USA,93635,LOS BANOS,CA,USA,43775,7/18/2023,7/19/2023
BaseTender-SN221523,0,SN221523,REF,92227,BRAWLEY,CA,USA,92821,BREA,CA,USA,43745,6/8/2023,6/8/2023
BaseTender-SN223179,0,SN223179,REF,83687,NAMPA,ID,USA,98001,AUBURN,WA,USA,43452,6/25/2023,6/26/2023
BaseTender-SN223706,0,SN223706,REF,83687,NAMPA,ID,USA,98001,AUBURN,WA,USA,42900,6/28/2023,6/29/2023
Breentag - 1376282,0,859373806,UFLNUM,32824,ORLANDO,FL,USA,33147,MIAMI,FL,USA,41740,5/19/2023,5/19/2023
Breentag 1379430,0,859604233,UFLNUM,33605,TAMPA,FL,USA,33147,MIAMI,FL,USA,42365,5/24/2023,5/24/2023
Breentag 1380090,0,859640288,UFLNUM,32824,ORLANDO,FL,USA,33147,MIAMI,FL,USA,41033.2,5/24/2023,5/24/2023
brenntag 860534260,0,860534260,UFLNUM,32824,ORLANDO,FL,USA,33147,MIAMI,FL,USA,42664,6/8/2023,6/8/2023
Brenntag 860563571,0,860563571,UFLNUM,33765,CLEARWATER,FL,USA,33147,MIAMI,FL,USA,44595.2,6/8/2023,6/8/2023
BRENNTAG TENDER 1399867,0,860827877,UFLNUM,32824,ORLANDO,FL,USA,33147,MIAMI,FL,USA,43740,6/13/2023,6/13/2023
CARRIER_RATE_CONFIRMATION_TENDER.zip-L612255 ,1,L612255,LOADID,37167,SMYRNA,TN,USA,20109,MANASSAS,VA,USA,3665,6/13/2023,6/14/2023
CARRIER_RATE_CONFIRMATION_TENDER.zip-L612255 ,2,L612255,LOADID,20109,MANASSAS,VA,USA,20794,JESSUP,MD,USA,25293,6/14/2023,6/15/2023
CARRIER_RATE_CONFIRMATION_TENDER.zip-L612255 ,3,L612255,LOADID,20794,JESSUP,MD,USA,21851,POCOMOKE,MD,USA,56,6/15/2023,6/15/2023
CARRIER_RATE_CONFIRMATION_TENDER.zip-L612262 (1) ,1,L612262,LOADID,37167,SMYRNA,TN,USA,37167,SMYRNA,TN,USA,1066,6/12/2023,6/12/2023
CARRIER_RATE_CONFIRMATION_TENDER.zip-L612262 (1) ,2,L612262,LOADID,37167,SMYRNA,TN,USA,18109,ALLENTOWN,PA,USA,12574,6/12/2023,6/14/2023
CARRIER_RATE_CONFIRMATION_TENDER.zip-L612262 (1) ,3,L612262,LOADID,18109,ALLENTOWN,PA,USA,08861,PERTH AMBOY,NJ,USA,15088,6/14/2023,6/14/2023
CARRIER_RATE_CONFIRMATION_TENDER.zip-L612262 (1) ,4,L612262,LOADID,08861,PERTH AMBOY,NJ,USA,07201,ELIZABETH,NJ,USA,3616,6/14/2023,6/15/2023
CARRIER_RATE_CONFIRMATION_TENDER.zip-L612262 (1) ,5,L612262,LOADID,07201,ELIZABETH,NJ,USA,07305,JERSEY CITY,NJ,USA,1072,6/15/2023,6/15/2023
Confirmation Delta Circle Logistics.  220-15980-22,0,220-15980-22,OMEGAJOBNUM,75090,SHERMAN,TX,USA,78409,CORPUS CHRISTI,TX,USA,46000,6/8/2023,6/9/2023
EMAIL ABOUT COMMUNICATION,0,,,,,,,,,,,,,
EWR 69065,0,69065,EWR,07094,SECAUCUS,NJ,USA,48109,ANN ARBOR,MI,USA,2000,6/5/2023,6/6/2023
Imperial Pools - 1386259,0,,,,,,,,,,,,,
INFORMATION - REOUTING THE PU,0,,,,,,,,,,,,,
kagome - 1386425,0,,,90810,CARSON,CA,USA,93635,LOS BANOS,CA,USA,37500,6/5/2023,6/6/2023
Kinexo 1387072 ,1,L611821,LOADID,37167,SMYRNA,TN,USA,37167,SMYRNA,TN,USA,1057,6/5/2023,6/5/2023
Kinexo 1387072 ,2,L611821,LOADID,37167,SMYRNA,TN,USA,46268,INDIANAPOLIS,IN,USA,7403,6/5/2023,6/6/2023
Kinexo 1387072 ,3,L611821,LOADID,46268,INDIANAPOLIS,IN,USA,49512,KENTWOOD,MI,USA,1057,6/6/2023,6/7/2023
Kinexo 1387235 ,1,L611823,LOADID,37167,SMYRNA,TN,USA,41005,BURLINGTON,KY,USA,42101,6/6/2023,6/6/2023
Kinexo 1387235 ,2,L611823,LOADID,41005,BURLINGTON,KY,USA,46268,INDIANAPOLIS,IN,USA,30697,6/6/2023,6/7/2023
Kinexo 1387235 ,3,L611823,LOADID,46268,INDIANAPOLIS,IN,USA,46038,FISHERS,IN,USA,4079,6/7/2023,6/7/2023
kinexo 1387739,0,L612136,LOADID,37167,SMYRNA,TN,USA,48188,CANTON,MI,USA,548,6/1/2023,6/2/2023
Others Carriers Rate Confirmation - FB,1,289-0606094,REF,94601,OAKLAND,CA,USA,75236,DALLAS,TX,USA,9800,6/23/2023,6/27/2023
Others Carriers Rate Confirmation - FB,2,289-0606094,REF,75236,DALLAS,TX,USA,77423,BROOKSHIRE,TX,USA,7000,6/27/2023,6/28/2023
PHX II - Sun Chem 5- - 30,0,859648292,ULFNUM,23834,COLONIAL HEIGHTS,VA,USA,37873,SURGOINSVILLE,TN,USA,29622.52,5/30/2023,5/31/2023
PHX II - SUN CHEM 5-30,0,859700744,ULFNUM,75050,GRAND PRAIRIE,TX,USA,,,,,22500,5/30/2023,
PHXI NSM - SN220542,0,SN220542,REF,83687,NAMPA,ID,USA,98001,AUBURN,WA,USA,43452,6/7/2023,6/8/2023
PHXII ANIXTER BaseTender-1137197,0,1137197,LOADID,60803,ALSIP,IL,USA,55445,BROOKLYN PARK,MN,USA,5030,5/19/2023,5/22/2023
PHXII Breentag - 5-23,0,859543740,ULFNUM,33605,TAMPA,FL,USA,33147,MIAMI,FL,USA,42365.44,5/23/2023,5/23/2023
PHXII Breentag 5-25 2,0,859694964,ULFNUM,33605,TAMPA,FL,USA,,,,,44000,5/25/2023,
PHXII Breentag 5-25,0,859697876,ULFNUM,33605,TAMPA,FL,USA,33147,MIAMI,FL,USA,42365.44,5/25/2023,5/25/2023
PHXII BRENNTAG - 1384607,0,859887735,ULFNUM,33605,TAMPA,FL,USA,33404,RIVIERA BEACH,FL,USA,44000,5/30/2023,5/30/2023
PHXII BRENNTAG - 1385564,0,859985541,ULFNUM,33605,TAMPA,FL,USA,33147,MIAMI,FL,USA,42365.44,5/31/2023,5/31/2023
PHXII BRENNTAG - 1386421,0,860038253,ULFNUM,33765,CLEARWATER,FL,USA,33147,MIAMI,FL,USA,44595.2,5/31/2023,5/31/2023
PHXII BRENNTAG - 1386434,0,860038247,ULFNUM,33765,CLEARWATER,FL,USA,32824,ORLANDO,FL,USA,44595.2,5/31/2023,5/31/2023
PHXII BRENNTAG - 1391100,0,860286114,ULFNUM,33765,CLEARWATER,FL,USA,33147,MIAMI,FL,USA,44595.2,6/6/2023,6/6/2023
PHXII BRENNTAG - 1391106,0,860286898,ULFNUM,33765,CLEARWATER,FL,USA,32824,ORLANDO,FL,USA,44595.2,6/7/2023,6/7/2023
PHXII BRENNTAG - 1391115,0,860290927,ULFNUM,33765,CLEARWATER,FL,USA,32824,ORLANDO,FL,USA,44595.2,6/8/2023,6/8/2023
PHXII CDLLC - 1383068,0,,,,,,,,,,,,,
PHXII KINEXO TENDER.zip-L611823 1387235,1,L611823,LOADID,37167,SMYRNA,TN,USA,41005,BURLINGTON,KY,USA,42101,6/6/2023,6/6/2023
PHXII KINEXO TENDER.zip-L611823 1387235,2,L611823,LOADID,41005,BURLINGTON,KY,USA,46268,INDIANAPOLIS,IN,USA,30697,6/6/0203,6/7/2023
PHXII KINEXO TENDER.zip-L611823 1387235,3,L611823,LOADID,46268,INDIANAPOLIS,IN,USA,46038,FISHERS,IN,USA,4079,6/7/2023,6/7/2023
PHXII NSM  - 2159467,0,2159467,REF,83687,NAMPA,ID,USA,92408,SAN BERNADINO,CA,USA,42670,6/13/2023,6/15/2023
PHXII NSM - 157399,0,2157399,REF,97913,NYSSA,OR,USA,98031,KENT,WA,USA,42882.96,6/1/2023,6/2/2023
PHXII NSM - 1387737,0,2158901,REF,83687,NAMPA,ID,USA,95742,RANCHO CORDOVA,CA,USA,43775,6/18/2023,6/19/2023
PHXII NSM - 2156811,0,2156811,REF,83687,NAMPA,ID,USA,90631,LA HABRA,CA,USA,43775,5/30/2023,6/1/2023
PHXII NSM - 2156817,0,2156817,REF,83687,NAMPA,ID,USA,92718,IRVINE,CA,USA,42864,5/31/2023,6/2/2023
PHXII NSM - 2156823,0,2156823,REF,83687,NAMPA,ID,USA,92408,SAN BERNADINO,CA,USA,42312,5/30/2023,6/1/2023
PHXII NSM - 2156847,0,2156847,REF,83687,NAMPA,ID,USA,98001,AUBURN,WA,USA,42312,5/30/2023,5/31/2023
PHXII NSM - 2156904,0,2156904,REF,83687,NAMPA,ID,USA,84016,CLEARFIELD,UT,USA,43775,6/5/2023,6/6/2023
PHXII NSM - 2156905,0,2156905,REF,83687,NAMPA,ID,USA,84016,CLEARFIELD,UT,USA,43775,6/7/2023,6/8/2023
PHXII NSM - 2157157,0,2157157,REF,80601,BRIGHTON,CO,USA,79118,AMARILLO,TX,USA,41885.5,5/31/2023,6/1/2023
PHXII NSM - 2157352,0,2157352,REF,83687,NAMPA,ID,USA,84104,SALT LAKE CITY,UT,USA,43775,6/13/2023,6/14/2023
PHXII NSM - 2157354,0,2157354,REF,83687,NAMPA,ID,USA,84104,SALT LAKE CITY,UT,USA,43775,6/25/2023,6/26/2023
PHXII NSM - 2157400,0,2157400,REF,97913,NYSSA,OR,USA,98031,KENT,WA,USA,42882.96,6/5/2023,6/6/2023
PHXII NSM - 2157401,0,2157401,REF,97913,NYSSA,OR,USA,98031,KENT,WA,USA,42882.96,6/6/2023,6/7/2023
PHXII NSM - 2157402 (1),0,2157402,REF,97913,NYSSA,OR,USA,98031,KENT,WA,USA,42882.96,6/5/2023,6/8/2023
PHXII NSM - 2157403,0,2157403,REF,97913,NYSSA,OR,USA,98031,KENT,WA,USA,42882.96,6/8/2023,6/9/2023
PHXII NSM - 2157473,0,2157473,REF,83687,NAMPA,ID,USA,92718,IRVINE,CA,USA,43452,6/5/2023,6/7/2023
PHXII NSM - 2157477,0,2157477,REF,97913,NYSSA,OR,USA,98031,KENT,WA,USA,42882.97,5/30/2023,5/31/2023
PHXII NSM - 2157685,0,2157685,REF,83687,NAMPA,ID,USA,98108,SEATTLE,WA,USA,43775,5/30/2023,5/31/2023
PHXII NSM - 2157724,0,2157724,REF,83687,NAMPA,ID,USA,92408,SAN BERNADINO,CA,USA,43176,6/5/2023,6/7/2023
PHXII NSM - 2157749,0,2157749,REF,83687,NAMPA,ID,USA,95304,TRACY,CA,USA,43176,6/4/2023,6/5/2023
PHXII NSM - 2157867,0,2157867,REF,92227,BRAWLEY,CA,USA,91746,CITY OF INDUSTRY,CA,USA,43775,6/12/2023,6/12/2023
PHXII NSM - 2157870,0,2157870,REF,92227,BRAWLEY,CA,USA,91746,CITY OF INDUSTRY,CA,USA,43775,6/14/2023,6/14/2023
PHXII NSM - 2157871,0,2157871,REF,92227,BRAWLEY,CA,USA,91746,CITY OF INDUSTRY,CA,USA,43775,6/15/2023,6/15/2023
PHXII NSM - 2157872,0,2157872,REF,92227,BRAWLEY,CA,USA,91746,CITY OF INDUSTRY,CA,USA,43775,6/16/2023,6/16/2023
PHXII NSM - 2157966,0,2157966,REF,97913,NYSSA,OR,USA,84041,ST LAYTON,UT,USA,43212,6/5/2023,6/5/2023
PHXII NSM - 2158093,0,2158093,REF,83687,NAMPA,ID,USA,90631,LA HABRA,CA,USA,43775,6/6/2023,6/8/2023
PHXII NSM - 2158305,0,2158305,REF,97913,NYSSA,OR,USA,95304,TRACY,CA,USA,42900,6/4/2023,6/5/2023
PHXII NSM - 2158507,0,2158507,REF,83687,NAMPA,ID,USA,99224,SPOKANE,WA,USA,43775,6/6/2023,6/7/2023
PHXII NSM - 2158508,0,2158508,REF,83687,NAMPA,ID,USA,99224,SPOKANE,WA,USA,43775,6/20/2023,6/21/2023
PHXII NSM - 2158509,0,2158509,REF,83687,NAMPA,ID,USA,99224,SPOKANE,WA,USA,43775,6/13/2023,6/14/2023
PHXII NSM - 2158796,0,2158796,REF,83687,NAMPA,ID,USA,92718,IRVINE,CA,USA,42670,6/12/2023,6/14/2023
PHXII NSM - 2159375,0,2159375,REF,83687,NAMPA,ID,USA,95304,TRACY,CA,USA,42312,6/11/2023,6/12/2023
PHXII NSM - 2159466,0,2159466,REF,83687,NAMPA,ID,USA,92408,SAN BERNADINO,CA,USA,41483.99,6/13/2023,6/16/2023
PHXII NSM - 2159523,0,2159523,REF,83687,NAMPA,ID,USA,84016,CLEARFIELD,UT,USA,43775,6/14/2023,6/15/2023
PHXII NSM - 2159525,0,2159525,REF,83687,NAMPA,ID,USA,84016,CLEARFIELD,UT,USA,43775,6/19/2023,6/20/2023
PHXII NSM - 2159777,0,2159777,REF,97913,NYSSA,OR,USA,98031,KENT,WA,USA,42882.97,6/19/2023,6/20/2023
PHXII NSM - 2159779,0,2159779,REF,97913,NYSSA,OR,USA,98031,KENT,WA,USA,42882.97,6/22/2023,6/23/2023
PHXII NSM - 2159782,0,2159782,REF,97913,NYSSA,OR,USA,98031,KENT,WA,USA,42882.97,6/26/2023,6/27/2023
PHXII NSM - BaseTender-2157013,0,2157013,REF,83687,NAMPA,ID,USA,95742,RANCHO CORDOVA,CA,USA,43775,5/28/2023,5/29/2023
PHXII NSM - SN220378,0,SN220378,REF,83687,NAMPA,ID,USA,98001,AUBURN,WA,USA,42900,6/5/2023,6/6/2023
PHXII NSM - SN221431,0,SN221431,REF,83687,NAMPA,ID,USA,98001,AUBURN,WA,USA,43212,6/14/2023,6/15/2023
PHXII NSM -2157706,0,2157706,REF,83687,NAMPA,ID,USA,93221,EXETER,CA,USA,43775,5/30/2023,6/1/2023
PHXII NSM -2157758,0,2157758,REF,83687,NAMPA,ID,USA,97220,PORTLAND,OR,USA,43775,6/11/2023,6/12/2023
PHXII NSM -2157868,0,2157868,REF,92227,BRAWLEY,CA,USA,91746,CITY OF INDUSTRY,CA,USA,43775,6/13/2023,6/13/2023
PHXII NSM BaseTender-2157089,0,2157089,REF,83687,NAMPA,ID,USA,95304,TRACY,CA,USA,42900,5/28/2023,5/29/2023
PHXII NSM-2157384,0,2157384,REF,83687,NAMPA,ID,USA,97124,HILLSBORO,OR,USA,43775,6/7/2023,6/8/2023
PRO 1367763,0,3443664,ORD,60446,ROMEOVILLE,IL,USA,56267,MORRIS,MN,USA,27919,5/10/2023,5/11/2023
Wester tender 1,0,1392299,LOADID,,,,,,,,,,,